image_name,bib_numbers
64a60ec750770325d818f27b266a33fe.jpg,B91786
cac1171c78e3dc45e6b3b202fd7965a4.jpg,91823
04dff91c4d5923a9971282e7a5b9ff85.jpg,B91970|B92138
81122202f2ecd2cc76a600937a919cc3.jpg,B91545
d20a7deb756d5e7540c88acb72e21b9c.jpg,B93558|ONOUERYO
79ad1e1d8884b14d5155235203ab157c.jpg,A90447
7c46510c3745fa30a43b7d39cafe17b0.jpg,
893a2714174551930ea1f907782217a2.jpg,B91575|POWER
3b69a936adbc8be8a813c35a233bc8bb.jpg,GOLDEN BE|B921213|lientugs|tienlen|B91513
3d62a57cc5dc7092ac4006c39ea6d564.jpg,SBO|B9190|NAR|B92130
8e52aee88bcf11793cae6a99b97dead2.jpg,
501cf20dcda297a90aa8e0be9d704e1e.jpg,
014eda098567b04640d18c74b0d74812.jpg,B92130
e09dcc487e52414c54d0cef30f22eccd.jpg,B91514
a44961910dc8462541994213e481224d.jpg,B92190
eea9cf60ca48811e66d8fcd705f91131.jpg,891711
6c85d856f262124dccc9668770e6be93.jpg,B93590
2b6a582244d3d1b4d82b92d130eb6672.jpg,E
db9077b54e2dc9cbb0307dc867b86553.jpg,B91944|P
ae1161d11e65fa46e3de4ad20f5b132b.jpg,
044c8880b743a25657b86bb7bd6dc206.jpg,
982fbfc05617b8950a35f77b25c4e761.jpg,GOLDEN BES|B92123|B91513
eb2a6096f6f0190fc3d32913f7519aa9.jpg,B93572
8db7aa116cbd582582866e06b5ac4b2b.jpg,IRUN|B92145|4|2XU|ELLE
fe4301792960ce291174499b16f6e0af.jpg,B91605
b355d5d67b5b630e1207a0e3c1938275.jpg,B91559|2.
a8659d52f75ef37078d8694b7cda1cea.jpg,B93511
c5119c6cb8c3bc09df3949133bb59d1e.jpg,B93525
32c4fc8bf3ff4d8358cac8bf6aaa1d91.jpg,B93615
530414f693e0acc296ccb6eba7c62b47.jpg,B91555
eeebe70d6be86abbf9bd9e1fb6cf662b.jpg,B92306
2ce6f5a4299de47cd7de64257893b0b2.jpg,B92007
9ebbb9208fe0e7dc6e9e6637d992be64.jpg,B91842
2d48337d63999a4c31b962d7f4ec9d1b.jpg,B93669|393632
e250ef3ea1cb8b4d6ca4dec86a680a3c.jpg,MAF|OMMDN|B93644
89ba3a6831638559477e4693d2507d6d.jpg,B91576
fa2c084977b27dd87ddf59222114599f.jpg,B92400
ee8c500a4f0754a2738db56ea120c25d.jpg,A93124|BIX
cc51b1979a3427e835e4fc39123f6915.jpg,B93645
41e0b7d91cba0132ba651ef5ed4a0898.jpg,QIBR|A93229
a337ebe5e38ab1d5c78797e049d1dfcc.jpg,B91968
f50c13be2544f9d7858f69133a5a18da.jpg,
93de52dcb61be6340040e9e9fa3f613f.jpg,B93542
b3c36b1ab0c542db564c6841436ea2ee.jpg,CAGLE CAMP|B91880
1de2d9ddc0da22385df561157ba261bd.jpg,B93520
f9036376daaecabee257326b5eda14c2.jpg,DANANG|B92319
e3d6ad79874fe682818a939b4bd171a1.jpg,
863196177c10e65a191778ec0f2ee22f.jpg,EAGLE CAM|B93569
0af14fc12242d6096139021e6292ee80.jpg,EAGLE CAM|B91582|lien tuni
58516a1c4b0eb45e6ca6fed28820cf75.jpg,B91923|4.
df733f7ecf17dfea63857652a2e0b5f8.jpg,B91692
4ee37d5d67ee071541d02213722d1903.jpg,B91944
f66d680e25acc89e32f0cc5c26d0b44b.jpg,BAHUCO|y nhien cacca|B93562
b354d19bbe1e3c2152d8109253c1e574.jpg,QUANGTRI|B93620|4
0ab2d31471458b1979e420309aceaf13.jpg,A93157
de3d4f1e076fc1be32e59d93d67fe856.jpg,
e5e19cf31f11883b6822be250646bdea.jpg,B93572
fd9ea2829961f5405abfb041050fa5b1.jpg,A912
e719608943a92d74e279e510b51fabcb.jpg,EAGLECAMP|B92405|L
da25cf45f1d3ec8386208f9a9bd798b8.jpg,B91968
29f8952703c83915dfb5ba190c9536ed.jpg,B91523
778f2388534f8ae43dbfe9b29d837aa8.jpg,B91926
628664feb558afcbbd319fa14f8f61ed.jpg,B93542
436a3158c5ac5e6482ec685b149b7206.jpg,B91505
78ac5a54bef92b41be5c3331735d3438.jpg,B91523
91525a2176410c4b0902c9051449e849.jpg,A93180|B91951
b92c40430225c597460dd890389484ff.jpg,B92402
6f46dcf4f4a3b02820424178e4d8d912.jpg,B91926
ce361ef7bc351074247af44f390c2e62.jpg,193159
e0f51bacb7afd491876a5a97683bc55c.jpg,B91692
d8466c8fb33438bc9d46f5f1830d276f.jpg,
c9a0d93523c38bb8fca9f8100aa4c393.jpg,B91503
ac0b97adfa21aa676544f1bc458128e7.jpg,93259
563fe8f65c1623560f7a56d526fdf1ec.jpg,CUNG NHAU|50|MOIGIOI HAN|mob|B93549|3.|B93549
e1636a3054f371f0d6e0803988a895e3.jpg,18|RUN|B92279
8e1e956c54596accc8eefe69da120a38.jpg,B93579
2564963f9eb38cc4041e7c696b0139d9.jpg,B93573
4dbf35c8e92fbcc518bfd0e5cb718866.jpg,TOILAMOT|UNEN|RINIL|CHIEN BINH|CHIEN DINH|TOILUON|EHUONG TOIDICK|B91633
b67a596985ce80ba7beeec9e797c9bc1.jpg,SBO|B92285
846644a435c5fc3cf8d5329444f51156.jpg,B91537|O.|B91546|lien tugs|tienle|B91614
f5c7611bb367b1bf0645c0c38dc9ef38.jpg,B9152
c9640aa6eddfb2fbb54ca43b89926d38.jpg,EAGLECA|B91887|B92156|56
bef5563da06237ea5f3fa0eedf5ef8aa.jpg,B93645|INm
4706e76ddca41bd14ef5e643cae76c86.jpg,
34f12f83e81411ed1b54e8f8f9bbe31d.jpg,B93525
d0ccaa84b89113c35ae0df97e5afdf57.jpg,A91215
81dae45cf24f86143d260858e610ea18.jpg,B93
ae125ea990198626b0c961ef678fd2df.jpg,B93573
ee1fbe3a617abf9ac16c3c262cb1552a.jpg,B92306
909fcae66aea09768e0e1b72d3d8c73a.jpg,NAR|B92130
fdc0739e65e57af48c5150212f2aac3a.jpg,B91887|B92156|92156
69b249f32a31d3fd13c83df403deb3b1.jpg,B9227
31ac16bc8a0157938b63e89aae91e961.jpg,Binh Phuoc Runne
0071fb171a5e948fc9b15182b5da7cd0.jpg,mobifor|CUNG NHAU|.VUOT MOIGIOI HAN|mobr|B93549
de954a08d429bcf6e74ef28a69264701.jpg,B91784
3e9ad6838ed0d2a450fbf2e2cc0cee56.jpg,B93548
8c565318384be4233161f50954e37a90.jpg,A93157
748e53b9aecc932a80b6326acf2fdfa6.jpg,B9351
2ea7b1ac1f027269fadefd83553987fe.jpg,B92007
b438d41aa6a6571b79166c489e5579b3.jpg,B92145|2XU|CHUELLER
80167f1e19cfe9b9c57ae8a14790211a.jpg,A90359|B93631
9297369ac2fad0496edf23f227ee5fce.jpg,B93669|B93632
8256ca2249f3d21c306ca41eadf687f0.jpg,BAHUC|tu nhien cao|B93562
3b8b62992b7373766dc2a0b54e77edcb.jpg,GOLDEN BES|B92123|lien tugs|tienle|B91513
c19789d23f9095f96a63e44b776cdd19.jpg,EAGLE CAMP
172a415134ef3bc9b7d30751b7ec4208.jpg,B91885
06577a241e37536e2cc5d37b8629844c.jpg,QBR|QBR|A90437|B93657|QBR|A90622
6b326bee9c4b6d149404d5d7d9acdbcd.jpg,B91576
8cc20d6341ccc61e9240e38d92ec8f32.jpg,B93557|N|CONQUER YOUE
63f4c17fcffc37a34fdc4bc556bbca38.jpg,
a5d3b9a639bf22b0ebcb223f1a16585a.jpg,MAF|RAUN|B93644
0ee53fa9de3af115f2364ed5a88ad143.jpg,
777898e9e47d22a26ccbceb74d4a2001.jpg,B936
8052ec4693c38cbb0e2da1f703644ae7.jpg,891725
e04894ad1da50ab293909387433fcbde.jpg,A90894|B91768|3
83bb8ad9cf80acd76fde73b773fa5f54.jpg,A93180|B9195
3c91ee6b44a03f5db97492618fb32da2.jpg,CUIE|TOILAK|CHIEN BIN|B91635
371764f2e225130f3ca1c30361756997.jpg,B92401
9f65f980c9aaef0435fa376ed4667d0c.jpg,A90899
4d721b119ac8aa0ac253c902d65afb4b.jpg,B9351
a9749adb4592766ea340a21ca0560d6b.jpg,dur|B91926|4|8-
64e1bb192744e1da627fea959b1213b4.jpg,B91923
7e34b75d3305222309d859b82280b486.jpg,036AO|AET&SE CHIA|B92183|.4.
d94f02afbfefdc61e08cb093ae2ecf01.jpg,B91948
38cf0775d872fabfc4314830ca2250d0.jpg,891503
533ef6d0d4e454fbef9e044db4c49ddb.jpg,B91514
2f93fc8f90391c26e13caaebf6cd96bc.jpg,QUANGTRI|NNERS|B93620
5c1fb785b6592127240295e481364f75.jpg,B93558|B93558|ONOUER
5a539523d81ff21cdf822bfa2d4021a7.jpg,
d529c99da8baea973abb4e045e157907.jpg,B93590
8718a49b367b3f7e682bb96d0b81630f.jpg,B91605
6032625a23dc46799cdcde13c6aa0349.jpg,B93584|B92007
0c9efacfa20b938ee22a60b282bde957.jpg,392092
7b2dfc12a1a0e30b31ef1ac682406b31.jpg,B91786
514b61fbb32ddbc8cfca665cbc5b50d8.jpg,B93629
ce328ade51d9e833a444be4bf02b6256.jpg,B91974|B920|B92055
4e503e5d3e242861813a8f8b427fe44f.jpg,FesTRIval
f96dea3cf6256ef6ff36124f994a7972.jpg,BOR|A93188
999ee29e89c824d10ea795b026258881.jpg,A90216
a40fb50d93ee15a392a1119b0bed4080.jpg,193153
3fa6584eec7845c7528761f900947694.jpg,EAGLE CAMP
a59cfa0644e2d3b553ccd3943cfe091b.jpg,B93558|ONOUER
af8a4d46bcbb5a33396cc165724737d3.jpg,QBR|A90437|QBR|OBR
b1c0e2357925b63b47960b7ea8d3b304.jpg,QBR|A93229|A
fea82817cfa26885bd3e0d04f8e4604b.jpg,B92402
11d22ad6b1f79fad49edc1acd425b790.jpg,893620
b00572f19171e7dcbf5e6f72ad9c71fe.jpg,AGLECAM|A
bd7962a2a9d3f74fd5741742460def73.jpg,CASHCHING|A83109
4082dfb8066e531086b7dc58b5be8b03.jpg,B91692
5bbfa7eca7a6b735710b396dba5401ce.jpg,B93563
6a32ef805a9ee7a1926ef7cd0e6f5073.jpg,CASHCHING|A83109|2
0c925d1293eb784c7f768ad1df23a826.jpg,QBR|A93229
03a0e3d898e43c622f8f5fda33471a81.jpg,891725
90455b7014cdc2a8b1f280c5d85749a0.jpg,Binh Phuoc Runne
9f02ecc97726f707c65b5523102f39d3.jpg,
f5c91b9729047272314a24dc53e74b12.jpg,B91578|POWER
d9bec8e635a7dfd12659dd8edb4ff812.jpg,B91559
1ec487135bcb90edc8583f0eedb4d4ae.jpg,AGLECAM|B91582|sentunie
91ac7254d6d6ba9deaee2f4ad652bb7f.jpg,B93512|3
deb0369b7215997c3c54fbe741adba8b.jpg,B91683
bea31be01925efe287dc9dd7f8acd112.jpg,B93645
311a5c20e0c23cd7dee973c9ebc805ff.jpg,B93573
01a010f58313e0216e12d5516071231d.jpg,OBO|B92285
7bc88ebdbb70242cc4e189c902a7a8ac.jpg,B91504
c73126724bc2f33c1ec5c5360a5ddbf1.jpg,B932
f336efea6d5a50ba7459afa6cbbecda6.jpg,B93542
6834e9b06c0073336b3bbbee00032107.jpg,B91970
398e162513719e616e6817de4f9af629.jpg,B91638
4034f22aad22d82708edbd7baa03dcd4.jpg,B93584|B92007
96bd086bad9762fbf827c8c3fd7f5d5c.jpg,B91959
74b613aac663b8d5652ca72470350968.jpg,A93259
b3368e039899e148d88a86b89f089225.jpg,B92306
ee42ddd339a00b3648778b3226670a6c.jpg,B91951
f6f3b1e7a5b6fbddbc52ea83b4883719.jpg,BAHUCO|Suur nhien caoap|B93562
624241f20668a8ca7e57bc86f618e2b9.jpg,RKEXAPNIE|B91770
aca4931784d1c4cb45caef35337c5122.jpg,B91689
4d36d7220010dbe4a67c62a4a0b92902.jpg,
7cbca61cdcc1ce8438bddf6342d1ec85.jpg,DANANG|iDNIGHT|B92319
9ffecddba1e1c5dd14f664647cc5d31e.jpg,
898b26b930c84b491b5c17c20a428d8e.jpg,A90899
557343745c437338729e09494b5e32df.jpg,ER|B93514
1f6d82636770e357c330d00bae6df83f.jpg,BOR|A93188
d6980f9e8335301d97940a9435b82d7d.jpg,B93520
e2f43ee144c49ba4fc00cace5cb7fee9.jpg,B91768|A90894
e44b5b7540f7d493bdcf1223d1199266.jpg,B91926
29a35c2ecf21e69296203a66bb24d37b.jpg,A93180|D36AOF|SANKET& SE CHA|892183
a6720ade9b37d3ce71dba97e2b644957.jpg,B92144
4a0626cbfd16a2db5a28d7f1f8c0fe17.jpg,CUTE|TOILANG|CHIEN BINA|B91635
fa7cc90f1189b0613a9bf76fc4e61bba.jpg,B92130
04206d3533db408685353e73427fdce4.jpg,
84807f55ba3b1c4b6b34267a8d71ab81.jpg,
3f773ce1cdaa47245c82f20bdbfcc1d4.jpg,B91784
2011eb5c66e794037d3fcf536d4517ef.jpg,B91554
a4532057022c0b2904cc68e0f3bdf8a0.jpg,893620
2b150d9a632913dee50426831ac495a2.jpg,B91739
d6faec3fef1eab118c40a6def29cace9.jpg,B91554
639592934a46219aee46738fc01af1c0.jpg,7|B92203
a2e44d83fc276372dad5a47a994e0cf9.jpg,B93659
350161420839d5306968beee98453c23.jpg,SB|SBC|B91909|NAR|B92130|NAR|92130
ae03cbe4d7896e6fed03cbe6736b1039.jpg,B93584|B92007
9ff95582e0af4d958a3fe8642fafd6eb.jpg,A90508|B91535
c33620560ce99bc459de0b3e36c2e9a1.jpg,B91970|B92138
2a7459a90d5431d4c66f5d10c24252d2.jpg,
ff470c7dfcf1974db12ce25db4c315f2.jpg,
94e2325e03c4d78a978c51e70f681e20.jpg,B92119
1846193391e178734371d1ee3f0bef6c.jpg,
2da4a4c9db532472037c415eec8590a6.jpg,EAGLE CAMP|B91604
1a602fe434ef500b54e5f2958c55d970.jpg,FRC|INNER|B92349
8c5b0121479876414c56b25864854793.jpg,B91784|3
ef0f5515899ec8bfb3ba8a84e35fd48b.jpg,89188|B92156
dbc745b3225dfaf8e1123872e60441fc.jpg,B91559
88822c368723724369d8e2c0acac9398.jpg,TGLE|B91885
9d5350cb27fa787ef3c3ff7b0c967aef.jpg,A93124
183dc95c937f874a50f81c4b331e8d21.jpg,B91739
75255b30e1ad6e3cdd5729018f707211.jpg,EAGLE CAMP
7339519944ed2fa849cbd24885010c3c.jpg,B92147|4|das
a34dc4b85ab23a7ae40734eed6da972a.jpg,B91974|BO|B92055
caf2cc18762ca92a0ebead37c1ed0390.jpg,
889f409e9c88c766da098caa2ff9e69f.jpg,B93520
61b3004a2ec43e1b9074582fb2fd0619.jpg,
f80a242c437f8c22f054a9c8a5e6340f.jpg,B91503
3b713cb810f3862dfb7e323ea0180a86.jpg,892044|PNISHER
b23447557855a7dc5fb6bdf08de1380c.jpg,A91215|5
f9c71a781b16184dfe7257ef6a1ff850.jpg,B91575|POWER
e66955730c8d950c1e21cb9a5a94d444.jpg,B91937
7b904e4f8227d589218d6c5f9ba3c79c.jpg,B91944|-
f24aa6ddf32d87f674ea873922be29c0.jpg,B91768|CL|B92049|A90894
84887080c31b7422417a43222dc59e15.jpg,B93629
8ac9d7171139ed59b68b3eacb83902f4.jpg,
1c892691f7326da241dad0b59c0b2abe.jpg,ERKETENNIS|B91770
8857bacbc1235c7358d53e70ea16f663.jpg,A9315
271e7594adec5483724436bb4a7d58a4.jpg,B92186|CONQUER YOURCEE
5047633ef1e32c7c7bf3d28fdcb3f38b.jpg,B93548
ed2e38c3511bfb6988ba03bad17c99a5.jpg,B92402
4630af77b711de4cb7891a6bb16c82b0.jpg,893524
a8a0d5b4df73bfa4c7698cbbbdc0c934.jpg,GLE|AM|B91885
aaa96d658ccc56cf4dedda934a489bdc.jpg,B92119
96062cca47f76aeab2bb740d46e58e58.jpg,TOILAMOT|CUISN|RINIU|CHIEN BINH|HIEN DINH|LUON|BOG|DE HUONG TOI DICH|B91633
ee6d3c88253b30cc48ffd8079cdcb71d.jpg,B93558
0c5e736fe7ad04297e9df7b374316b28.jpg,B91604
644631aa74987023b7d29c3b58befbf6.jpg,B91546|B91537|lientug|tienlen|B91614
fe2b6767a48f752c0f9f0b7428acf254.jpg,QBR|A93229
e8a391589cd9bcabf7d748f9a61609f8.jpg,Herbalife'|B91539|2.
bc74c332b6be5ea9591e2b42edcccae3.jpg,QBR|90437|QBR|QBR
1036863b12f71917453527dd356d757b.jpg,B92156
8829550f2b7902b6969391d7db09253b.jpg,lientur|tienlen|B91614|B91546|B91537
2a8e39d4d152e55fe36e66888812531c.jpg,91948
b0a31a3101bbcc4a9e319533e2b4e7a4.jpg,B93542
8ceaf9f42964c4205a08ca316a30aef8.jpg,B93572
20f866746cc39c5a0d809e670e70e701.jpg,B91578|POLER
e6560a982ba795b8fafb8f443d4d25b5.jpg,B91959
b4ab7886b9b3cb8e46a0d880ada1a946.jpg,B93629
5f29d57dd8956ac0d335df75a0567f22.jpg,B93520
a70a56b72fd7cfce8d403a92f257fc5e.jpg,A93124
1f40eac5e3f7bc89a3d9a05091313448.jpg,B91546|lien tuc|tienler|B91614|B91537
8d0dbc75b88205a92decda50875dded0.jpg,B92186|CONQUER YOURE
2b5be8d2d743663d653c14fdb78d2587.jpg,B92203
43d842f530a79c108cbdb0a1c5781784.jpg,B92044|FINISHER
13f5179f9a285751e4fc829d3fe9845c.jpg,ASHCHING|891823
587217997ab0869e83e0ded90c8aff8e.jpg,TOILAMOT|CHIEN BINH|DEHUNGTOIDIC|B91636
c480b17f816c11e97cb9af94250f6c38.jpg,30|B92285
015d385d0d3e662fd3548b387aa54934.jpg,BGR|A93188
377b151c9bb159873a0104453cb690d9.jpg,MAF|B93644
515cd9824e786b43943a976deb721f61.jpg,B91974|B92055
dbe667c7b27a18b8e17a75459b677d84.jpg,B91842|3
78e768b3b1179afc62f5a7c8db611f89.jpg,A93259
2d3adac5a2d01cacc399b78df1a69bcc.jpg,HOPR|B92327|5.
76349dfa328d690f40c1f826a1a7eaef.jpg,B91683|N
3a56d6149b0b893c9ef8ed29adb36de5.jpg,A912
2a8777695fef5ebf5a0b91bf213285a6.jpg,B93632|B93669
0278468a702941af78f14b87981ad12a.jpg,Herbalife'|B91539|.2.
36e0cadcddf1b5d80a8a6d96237870eb.jpg,B92186|CONQUER YOURSEF
7543eb5ef379f7595ca48bd072ba4b57.jpg,A90899
d77859457d4b4ea9f793bd0ff7a85d57.jpg,A91215
77ee447b2428c369523c094de0cf94bf.jpg,FesTRIval
d4e822619c7e2f38adad5b508b0fed58.jpg,B92203
2abb02949a9a5a01cae53ec89a6467ac.jpg,B93511
db6fc37fcd5a412e5cca4698a22ada94.jpg,B92190
335e4aa12e5d815229d9f2699066fdac.jpg,B91504
20d04491b46f27ea2a888a06efc258a3.jpg,PDCA|SBC|B91525|TOMEXC
baf88293e38eed27c95bc2d760e8aac8.jpg,EAGLE CAM|B93569
829f4d6782409ac57d96270bdeecb806.jpg,TOMEXCO PDCA|SBC|CESS BUSINESS COMM|B91525|AGGANLONTET KIM ANG LUONGUNG TOMEXCO|TOMEXC
d214551868c360b23a72125fd8483b75.jpg,B91574
50a9628ac04dea2d2dfa7c795649e163.jpg,B92147|4.|idas
80798d84c9f16ada263dbe83dd2dff60.jpg,B91683
9c3501e234dc3b14b2c10849ef3637dc.jpg,B936
5ccec09b5bda8a29bc2fdf4f2023cc9f.jpg,B93645
2c5fa3bb54b49652bf08159ebb8de52d.jpg,IONIOCU|3153
a1f27e1570f79cb57dda1447012fd7cb.jpg,CASHCHIN|A83109|2
60207c266fe514a5da0b5e455243def1.jpg,AGLECAM|B91582
fd4deced31e15e7b8fc4bf3f1a0cc21d.jpg,B91559
a1ad41c736a0ba930d455ae335489959.jpg,A912
468c75babd8ed864d4a00d606d0c82fd.jpg,
a423c625f1aa26d3cd2c423291011a39.jpg,EAGLE CAM|B93569
5abf8638998d9361b9ba25dd31e09997.jpg,B91770
670f7957c2d6040dd03f51a6aa4755e0.jpg,
1953abc8467c295f3a92b944c9a7695b.jpg,PHAM HIEU|CAM Gi|B91742
97016d28eaa9634913055c0ddb629fdb.jpg,B9195|A93180
2116a9008c00760ccfdf4d1f394ee3f3.jpg,B91768|CL|B92049|A90894
48cb5bbaac990abc63984bab32666d19.jpg,B91605
feef20667f45220923e0de617bfa0dc1.jpg,B91605
9088dc63b3455c8bab729b1213727cf7.jpg,B91842
c5fb23710628540591bdb2c611326425.jpg,A93157|N
b387e1c2d9d496e322f23939906df4bb.jpg,B91504
cc818e240d852a97319914fbdf45cbe6.jpg,tienlen|B9151
ef4529444eed6f1f26305c8c256bc010.jpg,mobron|CUNG NHAU|mob|B93549|3.
df2b46edf4c26993393307a13609c2f4.jpg,
d2ba299dcf6e8465cd20e83abac085e4.jpg,B91638
598eb2db4397c694a4ba0aa71a9f0ebc.jpg,B91784
7bf169afa18d2895f44be72914858cc1.jpg,B91944
3973d0dee442ec44ddc81c9030dd5d00.jpg,B91555
350b0591e134bf8f98d7f46ee7d1ee87.jpg,B91689
9ee59fa51aa3404f53d91a9ef814ce04.jpg,A90447
84b889e66c8c6cfd749c9155029c0a9b.jpg,93159
d5afb446de8fd9f5663689ae3935b4d9.jpg,B93590
7cc4c89c71882da302287fe6e8f1e0d4.jpg,B93557|CONQUERYO
3418a78ade0d17064b01fc62792484e0.jpg,B936
7492b5702ea012c4affb6738a92d0cea.jpg,B91880
8b9ea071466c1b26eb0b4b05bd7220f1.jpg,
c5f5c9a0926e100dd5eff931d7779609.jpg,B93557|CONQUERVS
928b632e3b39dc0e0505fa07fba6fafa.jpg,B93
d67d052801ab9ed32594b523bc3dbee6.jpg,A93124
02db74ba960240d2ac8db19aa613ae77.jpg,EAGLE CAMP|L|B91604
74625c7a4786094a7c30ffc5f94f0a5a.jpg,B93520
737777f709ef0839715b6e4642a972f8.jpg,A90894|B91768
b4451355566206fbc39eba13f07825c7.jpg,A93259
ae8920610dd1e348d8d6fac2d47b3344.jpg,B92400
8dfb880f568f865dc4134d2dac4db8bb.jpg,B93557|CONQUER YOURSE
7181f974089d4b1f19ed40d616a6206c.jpg,TOILAMOT|RINIU|CHIEN BINH|CHIENDINH|EHUONG TOIDICE|B91633
eedae05e8e36f2bfc0755e731d920149.jpg,B91923
515ca5632268356f0eb7d98cd0b2059e.jpg,B92271
d6def82c51e6e6b96881a87938393540.jpg,A90894|B91768
44b2f173144657e64e42ab4f08d5958b.jpg,B93548
c86f4bb20a6a46a4a2923a1469735cfb.jpg,B92092
aa770b6ff5dd71406350617cf4e51fd9.jpg,B91505|93542
74b3e50c3250da6e844b6bd66ccec7cd.jpg,B93573
0b695235d7766cef4859c00d20e982c1.jpg,B91968
e6f9f9ece5218cfe41f0988e078e8dd3.jpg,QI3R|A90437|B92345|QA3R|93142|QBR|A90622
8f31edae27e88b6fbfdd714ab2e5fc94.jpg,HOPR|B92327
6675c8e6dda31ec10ed83d1080f2ec2b.jpg,NAR|B92130|SBO|B9190|BO?|NAF|92130
96777f3e54e0c97ea7e2747e5054c47c.jpg,PHAM HIEU|CAM GiN|B91742
37e045dc5da5ae3809151dd8350e5b81.jpg,SMA|B92402
7083c7af55c0512347be240d171c68f9.jpg,259
493ca6016ea1da78fcedc08aed4e8009.jpg,B91545
41dbf8f33dbfd831cdcedc01337a5655.jpg,B91931
2b9055be812c2ed0c6d919c116429463.jpg,B91951
a004a8cbd6547f731b526566d9607f18.jpg,B93512
fe822ee40e4777791949e3544fcc3101.jpg,B92147|ias
4530d2287413daa87da29e4939477c20.jpg,B91689
98a60d788d6e569f0252fce7705c402e.jpg,B93525
46a86a925dfbf7df0a88f65f76e55302.jpg,B92186|CONQUER YOU
4ccfad304bd0adb6ee277b258fd56aa0.jpg,B92190
ed434e295e19b0303b3dedbb4e1d531c.jpg,A93159
e353b9f4539b9520e8ab6eb56ee1cc5e.jpg,B93
876f0f96e2a01e27f295625262ed787a.jpg,9027
97213c381fb23e643546582c54e93338.jpg,036A|ET&SECHIA|892183
5ec1784fb5425c3f88802c3c9e8a0e71.jpg,A93124|1
9c30afdfd1ad1c85272387b18c87682e.jpg,B93579
af255060a98f8a7f221f81e72f75fea1.jpg,B92119|5
53b69333325111df723b2c27ee798eaf.jpg,
8a8ba1d0b897c4f81c5f784faab6083d.jpg,1$8|RUN|B92279
917808af2cad044e7dc2e93acd49a56f.jpg,B91523
f8331a110a8e000307b7ed70c8ecc207.jpg,B91576
6471ac0963787e8e10de18e6e78cdcaf.jpg,A90899
6db81be89b979ffe478a065597541a3a.jpg,PHAM HIEU|CAM Gi|B91742
279f28e9acb74703a0c56c2bb29ba4b5.jpg,EAGLE CAM|B93569
da0a0fba9c5606effbdd75d7336439cb.jpg,A90447
ee255c1eed96fee77ae20faeab56af77.jpg,B91575|POWER
ba4f8712de50e76699a6e4a0ce2f3f50.jpg,QUANGTAI|B93620|4
fa28d95ca774ff35cbb30989d0ccb1f3.jpg,ERKETENANIE|B91770
3f753e85b7744fd604ff7a6491f5bee2.jpg,B93548
dbdf9f7d708e7d5081aa5dfe5e51ef24.jpg,
5037f17631c45bd3a969ce241017d103.jpg,PHAM HIEU|CAM Gi|B91742
09ec15a689cecbaab8ea96b8dba0625d.jpg,18|RUN|B92279
908accf6933d8a2a65cf24393be46569.jpg,B91514
85b2a140b5a10d005adc2d767078ef01.jpg,B92007
6a0e343d835c3b7b416a1055702f3303.jpg,B91574
b2e515b317f2fe9b3da875369c7cb639.jpg,QBR|90437|QI3R|A93142|B92345|QBR|A90622
9a52c5f654c59ce53e6beb7cda45e063.jpg,B91951
0ff73b81e6175ccb053e94ff1c8ffd3e.jpg,ERC|INNER|B92349
1396ceb132b4866889b2088b59c2277a.jpg,B91880
386f55306309ca18325c63bfd2a13a3a.jpg,ACLECA
52767406d387774dd64a273fee308c86.jpg,B93514
138bd4ba6f3ec467503dbe951814a2a7.jpg,GOLDEN BES|B92123|tienlen|B91513
fb49973fc65b82fc3012cda56878b0af.jpg,B93579
60ba41d251cce8a7aa321286ca3ad196.jpg,B91554
95a251b56c154a6804338120c2bc8cc0.jpg,B9240
95db2e03613d05f8c13e94af4556ebbc.jpg,B91842|3.
5da33c640313d50023d164fa0122c4d0.jpg,EAGLE CAMP|B91582
e20392849d10e3e96314a68e837e26a1.jpg,TOILAM|CHIEN BIN|B91635
c40d5bf54f2d99f41d2972b50adc8da4.jpg,A90508|3|SAVA|B91535
3058477a301be7cbd28b5ad979f6af94.jpg,A90899
2c515832844bc628dde748bd073cff7a.jpg,B91786
3aa2120a8e5ef73fc2e79335411709e4.jpg,B91638
f739f0eb94251f6a230e0fb34e7413d8.jpg,B92144
2549a1d6d2dc6f2e3d90913290964680.jpg,B91937
24ba7c240b5ad626bb0e8662ff91ffbf.jpg,693524
cd254ad95251e9c0d0b4d580d1da11fd.jpg,B91923
bd013d9727345e9a36059c7bc9e385e6.jpg,QUANG TRI|B93620|4
d450eab890df35424fe82f3774a1184e.jpg,B92401
49137b662b2149c8c4b5532937d21125.jpg,B81525|RUNNE|A60036
6c513aaf8a69c474c38146dcadca298c.jpg,B91959|A.
d7c970ed67c15fe792bb25f4f780907f.jpg,B93512
624687e59e94789f9511982fe98a158a.jpg,B93590
ae534e07b091694c10e67d2a903ce539.jpg,B93514
ddfc785b347256726f806791cdeb289e.jpg,EAGLECAM|B92405
b327eb4ae9a9cacb27f986dc37a33a98.jpg,EAGLE CAMP|B92405
248783786c6cbb45187b276417b03e04.jpg,
ed45bc9117c7ea81c630fb338349e70a.jpg,B92119
5322acc0b3057d3e3b5880a3b2c5929d.jpg,TOILAMOT|CHIEN BINY|DE HUONG TOIIC|B91636
a4ecc3f5806a628f9cb17f119bc95957.jpg,QBR|90437|B92345|Q3A|CA|93142|QBR|A90622|AONIJ
89fcdeeea309ec0d57b5889debd029ff.jpg,QUANGTRI|RUNNERS|B93620|4.
242d4a28854c9fdc10dc72aa33a9ce05.jpg,D36AOF|CANKET&SE CHIA|B92183|A93180
011aae43f6172e7a56621f322d7cbbbc.jpg,391535|A90508
b198bd68967336622666677e792e1a5d.jpg,B91505|893542
d196595f66909e956637fe7490e1eecf.jpg,B92144
cc993211454454c030ce72a74311b550.jpg,A912
bc7d9289635750111dee58c3f9dc8fef.jpg,B92147|das
824ac3ac3630f54ce0ef55592f8794aa.jpg,B93572|-
5cab3c9787c012a6f5cd18b5030cfd02.jpg,392400
3a891ee4b2dfd3e5a2693be74e288e41.jpg,MAR|-|B93644
8da2a594dc532ea87357db73797910de.jpg,B93573
0b442db032b3516cda2e28c1d9fdef34.jpg,B93573
c60e85848b89a5f58ee4dcb81e0cbe2f.jpg,B91638
e321d2f61516754df487da0804f68fcd.jpg,036A0|ETSSE CHIA|B92183|A93180
8281d1c9f5785246d9d8533057c219f0.jpg,
c43480c8b1c2d24e9715cc710a1a451b.jpg,B91576
3630f7a5d04e746b7e77f3baf735d23e.jpg,ntuc|tienlen|B9151
b3a167d6d86c4a5756ff18979a01cd72.jpg,B92402
b9229a3afd14d17d0af2725e911cc85d.jpg,B91574
d37b34432e8b6e197203a8f9322d7b0b.jpg,EAGLE CAMP|B91880
babf9f58bc85fd28ab5578552fc84918.jpg,
9725799d39e71d39c8bccf497e6f5c66.jpg,B92401
15bba8ef52471f3c15f9f648d93f9278.jpg,2044|RSHER
21a7f8ebdd8c28a5fa1f01062cffed29.jpg,QBR
09020441d2fcea4bbc9886d6f345dbea.jpg,SBC|B92285
bf05f97f485bc1fa25c999fad5709277.jpg,B91604
246e050a3ef0f44a36b0220e5a77d1f5.jpg,Herbalife'|B91539
57f4ba00ddfc1711f307e72ac3271d24.jpg,
9cb2007e3b763afc3c782eb166de9607.jpg,mobron|CUNG NHAU|EOTMOIGIOLHAN|B93549
bac793f04e08a94f4047ae073b8980c0.jpg,
146efc9ad97ae187dab509e527a4c114.jpg,BAHUCO|nhien cao cap|B93562
671146078e345d01c88a213c608ba3a2.jpg,B91505|19354
017c0ce5a363a093004d995540de7ce8.jpg,CUE|TOILY|CHIEN BIN|B91635
86e2bc4f2501521e0d35dce297b5d920.jpg,ONIOCU|493153
3915f9fa381685905eb9b41ddab3d465.jpg,B93631|A90359
f9d98879d26fc03cd33ed698456e8658.jpg,B91503
e8b22b0080cc2251513c9be1e125d802.jpg,364|KETSSECHIA|692183|493180
e1061c4f8719529af7e27da4427e72cd.jpg,B93524
3b047f90d08b19a1a01c331cf5099712.jpg,SSHCOING|891823
46fa17e677f081655214ae2014ee33d6.jpg,B91504
6c48dda9fe91f967f89e5a469d4e844d.jpg,B92053|4.
70cb7c046ffc493d0e3b6251a3660941.jpg,892345|QBR|QBR|A90437|93657|OBR|A90622
1e75e929ac3c339506a66d890ce38a3b.jpg,B91887|B92156|B92156
ad5b0c4c34f4e978874f0fe66f1b3f33.jpg,B92092
d22b181fb13f68e3548877f1c8919b98.jpg,DANANG|B92319
6d0b01c0bd7690d292718d68029cf843.jpg,EAGLE CAMP|B91873|E|OWER
f193bfda93a337753d442df2981d1ce9.jpg,EAGLECAMP|B92405
99b90a949f5ed343e7485185e3aa392e.jpg,
020ab8c172b1311b03fc7d7d257e10f2.jpg,B92053
4ac07dbdf15957cf699184bf1c10d238.jpg,B91555
d45513f928d987248fca5d98817fc76b.jpg,B93629
d38d6376f829a8e4165216282af6d291.jpg,392400
5f67aa8ffde80fc4f5112236bb5f888d.jpg,lientuc|tienle|B91513
b6a5cb49abdbbf5ed5c2e901786af9aa.jpg,Binh Phuoc Runne|0449
c5ba061154e0dd5c80335b5d7874643f.jpg,A90359|B93631
0c5ffe2117d3159f7c48cb17960269c6.jpg,HBPR|B92327|5
416392d7a526537d2f9a4cb9c8b7252b.jpg,
a42009455f1289412808305672542d60.jpg,TOMEX PDCA|PNC DONG DOANH|ANSAISA|SBC|CESS BUSINESS COMMUNT|B91525|2|STOMEXC
b369b5cc2120773e27c0e32c16c89593.jpg,EAGLE CAMP|B91880
dd9ab95d11c2f5eaf20d887a1af38e00.jpg,B93512
98e788a6b4e6598e66f90aa41645ed8c.jpg,891725
4424b66ed703734f9c22eaa299a495a2.jpg,CASHCHING|A83109|2
cdb68e842ba3ee4da1ff8d41185bb745.jpg,
854842ebb95967f42939abf49c485a4f.jpg,B91555
ea97d96c6fbe52f65fc58a9f85278e6e.jpg,B91689
7f1eb425a8368e9efb76183081f5252f.jpg,EAGLE CAMP|B91578|POWER
087963a5a2a54fbb346e7e64134f6225.jpg,B91576
edd5917a25707ac7369bc98440dcd417.jpg,B935
f04b3d02bb1ebf92461a28c33fded4d9.jpg,B92007
d5e6673061714035529110b10dfa882c.jpg,B93579
fda6b61443a5dd3fdec540f2fb6d81b5.jpg,BGR|A93188
6594ca887861fba6953aed6bc0d9e0df.jpg,B92144
b1b5d03ddefa15065462a63491cf1971.jpg,
fedb558eb1a5048c1e1c8b9f362e7933.jpg,B91974|B92055
44a3822c1649f144fc4f4d00f9ae224e.jpg,B91951
68de320f7208a0d1c54f1f9381685e60.jpg,
d92e45d0e484295f720ae07597ec1df4.jpg,HBPR|B92327
535fb2fdf41a23d80db0861ba61861b2.jpg,A90216
ab38ce88387926c99c64d41e93dab5c9.jpg,B92092
ca8a41732568974d7ff8729d953024df.jpg,B93631|A90359
e3781443c71be547071ade21d3a74a0f.jpg,QBR|A90437|QBR|QBR
00022e62a435f014643f52926a73af41.jpg,
5beb8a564e5795e91088a4ef6ec513c2.jpg,B91768|3|A90894
5af8407fa740624bfcb8f1bb51be110b.jpg,B93512
b0dd7c3fc8f0516c50de124533b71396.jpg,A93238
088766d925ef8e12bdc1cb2d72d6db0a.jpg,ERC|INNER|B92349
ababb978d773f161b2a980163b3eed88.jpg,B93514
0dfb9187ea7e9fa2ab89aa1dde29800c.jpg,EACLE CAMP|B91880
8ce87ee4e20cda73d9d3f47067a1cf93.jpg,B91968
5a7a5006ea0400b47fd997009214fc4c.jpg,B92400
3ce8a114b2deb42b04240a7372c0cbd8.jpg,B91692
51bbb3b28328de67dc1f310a3547e8c1.jpg,B92306|5
17ebf84a53768cb66d5df8744be5c28f.jpg,
3f78abdc5a9ec82da575a1376b21c853.jpg,B91523
1bfc23fed2fd4ae9ed843fa23ad811ea.jpg,RUNI|A6302|B81525
c4c9d81f4e73c49365752e8bfcea622d.jpg,B91931
033c23cb89951c40bdeab7f513d02a25.jpg,B91514|2
e587711d00fdfe6f0c2be1e6addae577.jpg,ERC|INNER|B92349
fce82a5236b2ca85d9ce94da0f873583.jpg,A91215
c7a5eed1795c267cf186492485c0852f.jpg,B91959
33ccd1e46adbd2aed6df54e9a66d6163.jpg,TOILAMOT|CHIEN BINH|DEHUONG TOIDIC|B91636
5bbbddd9bf5ef15caddd5a6d156048ca.jpg,B92053|4.
40960a46929a9919291a9911c05a1362.jpg,OMEXCOPDCA|NG DOIC DOANHN|SBC|ANBAISA|CESS BUSINESS COMMON|B91525|TOMEXCO
359a73912392468a6307f21f90c7f98d.jpg,A912
c417c5cae1d583e53b44addc5aed651b.jpg,B91739
eef5df7a4aa0ff38d8410890fc11fa39.jpg,An tuc|tienlen|B9151
9087ac3db78816617d352368158c45cc.jpg,B92130|B91905|BO|NAF|92130
94408fcb535832f46c1f391f7dab0361.jpg,
de00657009c6fcc62baeb012ce5b0fa9.jpg,B91786
7f2302e8d131a82f0f00d809429f5a96.jpg,CNS|B92145|4|2XU|WHUELLEE
6feeeac9ebef095e588d2b681217ab90.jpg,QBR|A93229
70a3dd7d499bb0a6d00120ddfcbb6373.jpg,EAGLE CAMP|B91885
85cd70a527e7652b534e98d97733033b.jpg,B91578|POWER
71d62c588770ff98ef53e1a2b4c7437c.jpg,A90508|B91535
0afd5494ddf99ed8d5d98965464f4e26.jpg,B93548
639f1676a9844ed00baabb5ca0ccbd39.jpg,
82d0a77d061b223273a6bc373074c591.jpg,B91545
